code,system
B340100,readv2
B834000,readv2
B34yz00,readv2
B34..00,readv2
B13z.00,readv2
B343.00,readv2
B933.00,readv2
B345.00,readv2
B342.00,readv2
B134.00,readv2
B35..00,readv2
B340000,readv2
B141.00,readv2
B34z.00,readv2
B834100,readv2
B58y000,readv2
B13..00,readv2
Byu6.00,readv2
B915.00,readv2
B46..00,readv2
B350100,readv2
B902400,readv2
B575100,readv2
B142.00,readv2
B350.00,readv2
B35z.00,readv2
B902500,readv2
B58y500,readv2
B142000,readv2
ZV10415,readv2
B35zz00,readv2
B346.00,readv2
B575000,readv2
B341.00,readv2
B34y.00,readv2
B350000,readv2
B344.00,readv2
B340.00,readv2
B340z00,readv2
B575.00,readv2
B575z00,readv2
B902z00,readv2
B902000,readv2
B803300,readv2
B133.00,readv2
B14y.00,readv2
B140.00,readv2
B804z00,readv2
B804000,readv2
B14..00,readv2
B804.00,readv2
B14z.00,readv2
B13y.00,readv2
BA03.00,readv2
B143.00,readv2
B803500,readv2
B135.00,readv2
B804100,readv2
B141.11,readv2
B141.12,readv2
BB94.11,readv2
B142.11,readv2
B830.00,readv2
B830000,readv2
B830100,readv2
B834.00,readv2
4M02.00,readv2
4M01.00,readv2
B7C2000,readv2
1427000,readv2
1J08.00,readv2
4M0..00,readv2
4M00.00,readv2
B13z.11,readv2
B803.00,readv2
B139.00,readv2
B803z00,readv2
B803400,readv2
B134.11,readv2
B132.00,readv2
B136.00,readv2
B803200,readv2
B803600,readv2
B803800,readv2
B131.00,readv2
B803100,readv2
B130.00,readv2
B803000,readv2
B35z000,readv2
B34y000,readv2
B347.00,readv2
B138.00,readv2
B36..00,readv2
B34..11,readv2
B803700,readv2
B137.00,readv2
B1z0.11,readv2